{
    "training loss": 0.00016303463780786842,
    "loss seg": 0.00010203446436207741,
    "loss exist": 0.000610001792665571,
    "step": 276
}
